intron_cluster,variant_id,TISSUE_ID,adj_p,qval,symbol
13:28015386:28019225:clu_22821_NA,13_28025615_G_C_b37,SKINS,5.61E-50,8.82E-47,MTIF3
11:428199:428387:clu_88170_NA,11_428385_A_G_b37,SKINS,3.21E-49,4.88E-46,ANO9
13:28015386:28019225:clu_22821_NA,13_28016236_T_C_b37,ADPSBQ,2.15E-46,3.86E-43,MTIF3
13:28015386:28019225:clu_22821_NA,13_28016236_T_C_b37,ARTTBL,3.05E-46,6.87E-43,MTIF3
13:28015386:28019225:clu_22821_NA,13_28015387_C_G_b37,NERVET,1.73E-39,1.75E-36,MTIF3
11:428199:428387:clu_88170_NA,11_428385_A_G_b37,SKINNS,3.15E-39,4.74E-36,ANO9
5:148800107:148801044:clu_30375_NA,5_148800089_G_A_b37,ARTTBL,1.51E-35,1.60E-32,CARMN
12:113355505:113357194:clu_55151_NA,12_113360786_T_C_b37,ESPGEJ,2.86E-34,2.33E-30,OAS1
12:113355505:113357194:clu_55151_NA,12_113360786_T_C_b37,CLNTRN,3.22E-33,1.01E-29,OAS1
12:113355505:113356402:clu_55151_NA,12_113357209_G_A_b37,ESPGEJ,4.10E-32,1.89E-28,OAS1
1:38023349:38027158:clu_40826_NA,1_38046446_T_C_b37,THYROID,1.96E-31,9.82E-29,DNALI1
22:49042558:49103529:clu_38458_NA,22_49088916_C_T_b37,NERVET,3.05E-31,1.82E-28,FAM19A5
13:28015386:28019225:clu_22821_NA,13_28015387_C_G_b37,MSCLSK,9.55E-31,5.76E-28,MTIF3
22:49089193:49103529:clu_38458_NA,22_49088916_C_T_b37,NERVET,3.95E-30,2.22E-27,FAM19A5
12:70636673:70637092:clu_53930_NA,12_70636829_G_A_b37,THYROID,6.64E-30,3.00E-27,CNOT2
12:113355505:113356402:clu_55151_NA,12_113360786_T_C_b37,SPLEEN,7.66E-30,3.25E-25,OAS1
12:113355505:113356402:clu_55151_NA,12_113357209_G_A_b37,SKINS,1.59E-29,7.30E-27,OAS1
12:70636673:70636846:clu_53930_NA,12_70566347_C_T_b37,THYROID,7.43E-28,2.93E-25,CNOT2
11:428199:428387:clu_88170_NA,11_428385_A_G_b37,THYROID,5.65E-27,2.09E-24,ANO9
12:113355505:113357194:clu_55151_NA,12_113360786_T_C_b37,SPLEEN,6.88E-27,1.12E-22,OAS1
4:169344925:169348221:clu_11006_NA,4_169347649_C_G_b37,LUNG,7.10E-27,3.92E-24,DDX60L
12:113355505:113356402:clu_55151_NA,12_113360786_T_C_b37,CLNSGM,4.27E-26,8.54E-23,OAS1
5:148786641:148800044:clu_30375_NA,5_148800089_G_A_b37,ARTTBL,4.00E-25,2.10E-22,CARMN
12:113355505:113356402:clu_55151_NA,12_113357209_G_A_b37,ARTAORT,4.56E-25,5.17E-22,OAS1
11:428199:428358:clu_88170_NA,11_431834_A_G_b37,SKINS,4.89E-25,1.73E-22,ANO9
13:28015386:28019225:clu_22821_NA,13_28031881_C_T_b37,BREAST,7.25E-25,8.31E-22,MTIF3
12:113355505:113357292:clu_55151_NA,12_113360786_T_C_b37,ESPGEJ,9.58E-25,1.76E-21,OAS1
4:169344925:169348221:clu_11006_NA,4_169357339_G_A_b37,THYROID,9.98E-25,3.14E-22,DDX60L
12:113355505:113356402:clu_55151_NA,12_113357209_G_A_b37,LCL,2.68E-23,1.42E-18,OAS1
12:113355505:113357292:clu_55151_NA,12_113357209_G_A_b37,LCL,2.19E-22,9.31E-18,OAS1
12:113355505:113357194:clu_55151_NA,12_113357209_G_A_b37,ADRNLG,2.69E-22,6.81E-19,OAS1
12:113355505:113357292:clu_55151_NA,12_113360786_T_C_b37,SPLEEN,4.28E-22,1.91E-18,OAS1
13:28015386:28019225:clu_22821_NA,13_28015387_C_G_b37,LUNG,4.47E-22,1.70E-19,MTIF3
4:169344925:169348221:clu_11006_NA,4_169347649_C_G_b37,NERVET,8.48E-22,2.74E-19,DDX60L
11:428199:428358:clu_88170_NA,11_428385_A_G_b37,ESPMCS,1.01E-21,4.56E-19,ANO9
1:38023349:38027158:clu_40826_NA,1_38023822_G_A_b37,NERVET,3.28E-21,1.02E-18,DNALI1
12:113355505:113357194:clu_55151_NA,12_113357209_G_A_b37,LCL,1.28E-20,2.47E-16,OAS1
12:113355505:113357194:clu_55151_NA,12_113360786_T_C_b37,PNCREAS,1.44E-20,2.31E-17,OAS1
3:128532380:128532438:clu_86045_NA,3_128564604_A_T_b37,SKINNS,4.45E-20,1.61E-17,RAB7A
4:169344925:169348221:clu_11006_NA,4_169345005_T_C_b37,ADPSBQ,5.57E-20,1.57E-17,DDX60L
4:169344925:169347922:clu_11006_NA,4_169345005_T_C_b37,THYROID,1.29E-19,2.85E-17,DDX60L
5:148786641:148801044:clu_30375_NA,5_148800089_G_A_b37,ARTTBL,1.39E-19,4.78E-17,CARMN
12:113355505:113357292:clu_55151_NA,12_113357209_G_A_b37,LIVER,3.81E-18,1.62E-14,OAS1
4:169344925:169348221:clu_11006_NA,4_169347649_C_G_b37,ADPVSC,3.91E-18,1.40E-15,DDX60L
3:128532380:128532452:clu_86045_NA,3_128569020_C_T_b37,FIBRLBLS,4.27E-18,1.80E-15,RAB7A
12:113355505:113356402:clu_55151_NA,12_113357209_G_A_b37,ADRNLG,4.56E-18,6.16E-15,OAS1
16:86581174:86581641:clu_63680_NA,16_86581191_G_A_b37,SKINNS,5.93E-18,1.77E-15,MTHFSD
12:70636673:70636846:clu_53930_NA,12_70636829_G_A_b37,TESTIS,6.31E-18,1.76E-15,CNOT2
3:128532380:128532438:clu_86045_NA,3_128567032_T_C_b37,LUNG,6.81E-18,1.86E-15,RAB7A
12:70636673:70637092:clu_53930_NA,12_70636829_G_A_b37,ADPSBQ,6.95E-18,1.66E-15,CNOT2
16:86581174:86581641:clu_63680_NA,16_86581191_G_A_b37,FIBRLBLS,3.65E-17,1.41E-14,MTHFSD
1:38023349:38027158:clu_40826_NA,1_38015757_A_G_b37,LUNG,6.79E-17,1.70E-14,DNALI1
9:34647958:34648045:clu_64729_NA,9_34648020_G_A_b37,SKINNS,9.54E-17,2.56E-14,GALT
12:70636673:70637092:clu_53930_NA,12_70636829_G_A_b37,CLNTRN,1.24E-16,6.65E-14,CNOT2
13:28015386:28019225:clu_22821_NA,13_28031881_C_T_b37,ADPVSC,1.48E-16,4.70E-14,MTIF3
4:169344925:169347922:clu_11006_NA,4_169347649_C_G_b37,LUNG,2.52E-16,6.00E-14,DDX60L
10:131862647:131877830:clu_60067_NA,10_131862254_G_A_b37,CLNSGM,4.32E-16,2.72E-13,C10orf143
4:169344925:169348221:clu_11006_NA,4_169347649_C_G_b37,CLNTRN,4.89E-16,2.45E-13,DDX60L
1:38023349:38027158:clu_40826_NA,1_38023822_G_A_b37,PTTARY,5.01E-16,5.97E-13,DNALI1
12:70636673:70637092:clu_53930_NA,12_70636829_G_A_b37,ESPMSL,6.39E-16,1.59E-13,CNOT2
12:70636673:70637092:clu_53930_NA,12_70636829_G_A_b37,NERVET,1.28E-15,2.33E-13,CNOT2
1:38023349:38027158:clu_40826_NA,1_38010243_G_A_b37,CLNTRN,2.00E-15,9.29E-13,DNALI1
16:86581174:86581641:clu_63680_NA,16_86581191_G_A_b37,ARTTBL,2.69E-15,6.14E-13,MTHFSD
12:70636673:70637092:clu_53930_NA,12_70636829_G_A_b37,TESTIS,2.95E-15,5.86E-13,CNOT2
12:70078388:70087454:clu_53910_NA,12_70089065_G_A_b37,MSCLSK,3.03E-15,6.25E-13,BEST3
1:3371408:3379630:clu_39096_NA,1_3382135_C_T_b37,NERVET,3.16E-15,5.47E-13,ARHGEF16
16:86581174:86581641:clu_63680_NA,16_86581191_G_A_b37,NERVET,6.00E-15,1.01E-12,MTHFSD
6:2959576:2969013:clu_77694_NA,6_2969045_T_C_b37,MSCLSK,8.00E-15,1.58E-12,SERPINB6
12:70636673:70637092:clu_53930_NA,12_70636829_G_A_b37,ARTTBL,1.06E-14,2.29E-12,CNOT2
9:34647958:34648045:clu_64729_NA,9_34691535_T_C_b37,NERVET,1.19E-14,1.94E-12,GALT
16:86581174:86581641:clu_63680_NA,16_86581191_G_A_b37,THYROID,1.43E-14,2.04E-12,MTHFSD
16:86581174:86581641:clu_63680_NA,16_86581191_G_A_b37,ARTAORT,1.51E-14,5.59E-12,MTHFSD
2:159660881:159672217:clu_72475_NA,2_159667098_G_A_b37,SKINNS,1.78E-14,3.81E-12,DAPL1
13:28015386:28019225:clu_22821_NA,13_28015387_C_G_b37,ARTAORT,1.86E-14,6.83E-12,MTIF3
13:28015386:28019225:clu_22821_NA,13_28016236_T_C_b37,ESPMSL,2.94E-14,6.05E-12,MTIF3
11:428199:428358:clu_88170_NA,11_428385_A_G_b37,THYROID,4.02E-14,5.45E-12,ANO9
1:38023349:38027158:clu_40826_NA,1_38023822_G_A_b37,ARTAORT,5.41E-14,1.89E-11,DNALI1
16:86581174:86581641:clu_63680_NA,16_86581191_G_A_b37,TESTIS,6.23E-14,1.04E-11,MTHFSD
9:34647958:34648045:clu_64729_NA,9_34691535_T_C_b37,ESPMCS,6.76E-14,1.52E-11,GALT
13:28015386:28019225:clu_22821_NA,13_28015387_C_G_b37,WHLBLD,7.68E-14,3.24E-11,MTIF3
11:428199:428387:clu_88170_NA,11_428385_A_G_b37,SPLEEN,8.34E-14,7.59E-11,ANO9
9:34647958:34648045:clu_64729_NA,9_34665274_T_C_b37,ADRNLG,8.55E-14,6.12E-11,GALT
4:169344925:169347922:clu_11006_NA,4_169345005_T_C_b37,ADPSBQ,8.91E-14,1.50E-11,DDX60L
4:169296675:169299505:clu_11002_NA,4_169297818_C_T_b37,ADPVSC,1.28E-13,3.00E-11,DDX60L
4:169344925:169348221:clu_11006_NA,4_169357339_G_A_b37,SKINNS,1.40E-13,2.74E-11,DDX60L
16:86581174:86581641:clu_63680_NA,16_86581191_G_A_b37,SKINS,1.46E-13,2.09E-11,MTHFSD
9:34647958:34648045:clu_64729_NA,9_34665274_T_C_b37,THYROID,1.69E-13,2.15E-11,GALT
1:38023349:38027158:clu_40826_NA,1_38023822_G_A_b37,ADRNLG,1.80E-13,1.21E-10,DNALI1
9:34647958:34648045:clu_64729_NA,9_34648020_G_A_b37,SKINS,4.46E-13,6.11E-11,GALT
1:38023349:38027158:clu_40826_NA,1_38015757_A_G_b37,ARTTBL,4.84E-13,8.90E-11,DNALI1
16:86581174:86581641:clu_63680_NA,16_86581191_G_A_b37,ESPMCS,5.27E-13,1.08E-10,MTHFSD
13:28015386:28019225:clu_22821_NA,13_28016236_T_C_b37,THYROID,7.29E-13,8.61E-11,MTIF3
6:99979666:100023529:clu_80615_NA,6_100038805_T_C_b37,FIBRLBLS,8.46E-13,2.10E-10,CCNC
6:99979666:100023529:clu_80615_NA,6_100038805_T_C_b37,FIBRLBLS,8.46E-13,2.10E-10,TSTD3
15:84705756:84706515:clu_21778_NA,15_84706461_C_T_b37,CLNSGM,1.01E-12,4.32E-10,ADAMTSL3
11:406538:406843:clu_88167_NA,11_407708_A_C_b37,LUNG,1.46E-12,2.36E-10,SIGIRR
20:1903291:1905410:clu_75190_NA,20_1895218_T_C_b37,ARTTBL,1.53E-12,2.69E-10,SIRPA
4:169344925:169347922:clu_11006_NA,4_169345005_T_C_b37,FIBRLBLS,5.46E-12,1.24E-09,DDX60L
5:148800107:148801044:clu_30375_NA,5_148800089_G_A_b37,ESPMSL,6.24E-12,9.89E-10,CARMN
4:169344925:169348221:clu_11006_NA,4_169345005_T_C_b37,STMACH,6.35E-12,2.35E-09,DDX60L
6:33589468:33608261:clu_78919_NA,6_33591784_C_T_b37,NERVET,8.32E-12,1.02E-09,ITPR3
19:56200360:56201233:clu_51241_NA,19_56199605_C_T_b37,HRTAA,8.89E-12,2.63E-09,EPN1
4:169344925:169348221:clu_11006_NA,4_169349568_C_T_b37,FIBRLBLS,1.10E-11,2.44E-09,DDX60L
12:70636673:70636846:clu_53930_NA,12_70636829_G_A_b37,ADPSBQ,1.11E-11,1.53E-09,CNOT2
11:406993:407062:clu_88167_NA,11_406483_T_C_b37,HRTLV,1.25E-11,5.51E-09,SIGIRR
16:86581174:86581641:clu_63680_NA,16_86589166_T_C_b37,ADPSBQ,1.39E-11,1.90E-09,MTHFSD
4:169344925:169348221:clu_11006_NA,4_169345005_T_C_b37,ESPGEJ,1.44E-11,4.77E-09,DDX60L
4:169344925:169347922:clu_11006_NA,4_169347649_C_G_b37,ADPVSC,1.53E-11,2.91E-09,DDX60L
20:1905523:1908521:clu_75190_NA,20_1895420_T_A_b37,SNTTRM,1.55E-11,1.76E-08,SIRPA
12:70636673:70636846:clu_53930_NA,12_70636829_G_A_b37,NERVET,1.66E-11,1.98E-09,CNOT2
12:113355505:113357194:clu_55151_NA,12_113360786_T_C_b37,SLVRYG,1.75E-11,1.65E-07,OAS1
12:113355505:113357292:clu_55151_NA,12_113360786_T_C_b37,PNCREAS,2.16E-11,9.30E-09,OAS1
2:239055178:239056475:clu_74772_NA,2_239049024_A_G_b37,ARTTBL,2.25E-11,3.51E-09,KLHL30
12:113355505:113356402:clu_55151_NA,12_113360786_T_C_b37,OVARY,2.54E-11,2.45E-08,OAS1
4:38800519:38806375:clu_8215_NA,4_38802644_A_G_b37,ADPSBQ,2.86E-11,3.76E-09,TLR1
12:113355505:113357194:clu_55151_NA,12_113360786_T_C_b37,OVARY,3.10E-11,2.92E-08,OAS1
11:421198:428358:clu_88170_NA,11_424291_A_G_b37,SKINNS,3.99E-11,6.03E-09,ANO9
4:38800519:38806375:clu_8215_NA,4_38783848_T_C_b37,ADPVSC,4.87E-11,8.70E-09,TLR1
15:91488293:91489914:clu_22073_NA,15_91499427_G_C_b37,THYROID,5.04E-11,4.85E-09,UNC45A
12:70636673:70636846:clu_53930_NA,12_70636829_G_A_b37,BRNCHA,6.16E-11,3.20E-08,CNOT2
6:99979666:100023529:clu_80615_NA,6_99891841_C_T_b37,ADRNLG,6.21E-11,2.79E-08,CCNC
6:99979666:100023529:clu_80615_NA,6_99891841_C_T_b37,ADRNLG,6.21E-11,2.79E-08,TSTD3
4:169344925:169348221:clu_11006_NA,4_169349568_C_T_b37,SKINS,6.77E-11,7.34E-09,DDX60L
4:169344925:169348221:clu_11006_NA,4_169343044_A_G_b37,BREAST,6.79E-11,1.72E-08,DDX60L
6:2959576:2969013:clu_77694_NA,6_2969045_T_C_b37,FIBRLBLS,7.07E-11,1.40E-08,SERPINB6
15:91488293:91489844:clu_22073_NA,15_91499427_G_C_b37,THYROID,7.48E-11,7.06E-09,UNC45A
4:56475346:56475450:clu_8615_NA,4_56526473_A_G_b37,THYROID,8.73E-11,8.15E-09,NMU
12:113355505:113356402:clu_55151_NA,12_113360786_T_C_b37,SLVRYG,1.09E-10,6.62E-07,OAS1
13:28015386:28019225:clu_22821_NA,13_28015387_C_G_b37,CLNSGM,1.31E-10,3.88E-08,MTIF3
4:56466742:56473465:clu_8614_NA,4_56526473_A_G_b37,THYROID,1.75E-10,1.58E-08,NMU
12:70636673:70636846:clu_53930_NA,12_70636829_G_A_b37,ESPMSL,1.97E-10,2.66E-08,CNOT2
4:169344925:169347922:clu_11006_NA,4_169349568_C_T_b37,NERVET,3.07E-10,3.24E-08,DDX60L
11:3724122:3726430:clu_88505_NA,11_3722372_T_C_b37,ARTAORT,3.14E-10,6.42E-08,NUP98
7:4820943:4822947:clu_11878_NA,7_4821056_T_G_b37,SKINS,3.20E-10,3.22E-08,AP5Z1
9:34647958:34648045:clu_64729_NA,9_34648020_G_A_b37,CLNSGM,3.61E-10,9.83E-08,GALT
5:148800107:148801044:clu_30375_NA,5_148791544_C_T_b37,ARTACRN,3.71E-10,2.56E-07,CARMN
4:169344925:169348221:clu_11006_NA,4_169349568_C_T_b37,WHLBLD,4.59E-10,1.28E-07,DDX60L
1:38023349:38027158:clu_40826_NA,1_38023822_G_A_b37,BRNCTXA,4.67E-10,2.84E-07,DNALI1
9:34647958:34648045:clu_64729_NA,9_34638345_G_T_b37,ADPSBQ,5.57E-10,6.24E-08,GALT
5:148786641:148801044:clu_30375_NA,5_148800089_G_A_b37,ESPMSL,5.78E-10,7.41E-08,CARMN
13:28015379:28019225:clu_22821_NA,13_28015387_C_G_b37,ARTTBL,7.47E-10,9.43E-08,MTIF3
1:38023349:38027158:clu_40826_NA,1_38023822_G_A_b37,ADPSBQ,7.61E-10,8.38E-08,DNALI1
10:131862647:131877830:clu_60067_NA,10_131863748_G_A_b37,ESPMSL,7.74E-10,9.77E-08,C10orf143
12:70636673:70637092:clu_53930_NA,12_70636829_G_A_b37,MSCLSK,8.49E-10,9.63E-08,CNOT2
16:89974649:89974937:clu_64003_NA,16_89920383_C_A_b37,ESPGEJ,1.08E-09,2.72E-07,TCF25
1:38023349:38027158:clu_40826_NA,1_38015757_A_G_b37,FIBRLBLS,1.27E-09,2.10E-07,DNALI1
15:91488293:91489844:clu_22073_NA,15_91489919_A_G_b37,LUNG,1.45E-09,1.63E-07,UNC45A
16:86581174:86581641:clu_63680_NA,16_86581191_G_A_b37,HRTAA,1.46E-09,3.20E-07,MTHFSD
4:169344925:169347922:clu_11006_NA,4_169345005_T_C_b37,ESPGEJ,1.46E-09,3.60E-07,DDX60L
12:70636673:70637092:clu_53930_NA,12_70636829_G_A_b37,HRTLV,1.50E-09,4.64E-07,CNOT2
11:102487850:102489536:clu_91388_NA,11_102511736_G_A_b37,LIVER,1.78E-09,1.56E-06,MMP20
15:84705756:84706515:clu_21778_NA,15_84706461_C_T_b37,LUNG,1.93E-09,2.14E-07,ADAMTSL3
2:120443330:120446486:clu_71526_NA,2_120443789_G_T_b37,THYROID,2.02E-09,1.62E-07,TMEM177
4:169344925:169348221:clu_11006_NA,4_169347649_C_G_b37,MSCLSK,2.06E-09,2.24E-07,DDX60L
11:406993:407062:clu_88167_NA,11_406483_T_C_b37,LUNG,2.25E-09,2.47E-07,SIGIRR
16:89365938:89366371:clu_63947_NA,16_89378942_C_T_b37,ESPMSL,2.45E-09,2.89E-07,ANKRD11
1:38023349:38027158:clu_40826_NA,1_38010243_G_A_b37,CLNSGM,2.58E-09,6.02E-07,DNALI1
11:102478183:102487583:clu_91388_NA,11_102511736_G_A_b37,LIVER,2.96E-09,2.46E-06,MMP20
11:102478183:102497870:clu_91388_NA,11_102511736_G_A_b37,LIVER,2.98E-09,2.47E-06,MMP20
11:102487850:102497390:clu_91388_NA,11_102511736_G_A_b37,LIVER,3.01E-09,2.49E-06,MMP20
11:428199:428387:clu_88170_NA,11_428385_A_G_b37,PNCREAS,3.06E-09,9.95E-07,ANO9
4:169344925:169348221:clu_11006_NA,4_169345005_T_C_b37,SPLEEN,3.12E-09,1.28E-06,DDX60L
11:428199:428387:clu_88170_NA,11_431834_A_G_b37,CLNTRN,3.24E-09,6.93E-07,ANO9
4:169344925:169347922:clu_11006_NA,4_169345005_T_C_b37,SKINNS,3.69E-09,4.29E-07,DDX60L
11:102478183:102548434:clu_91388_NA,11_102511736_G_A_b37,LIVER,4.26E-09,3.36E-06,MMP20
6:2959576:2969013:clu_77694_NA,6_2969045_T_C_b37,ESPMCS,4.39E-09,5.78E-07,SERPINB6
6:2959576:2969013:clu_77694_NA,6_2969045_T_C_b37,ARTTBL,4.41E-09,5.04E-07,SERPINB6
12:70636673:70636846:clu_53930_NA,12_70636829_G_A_b37,ARTTBL,4.43E-09,5.06E-07,CNOT2
12:70636673:70636846:clu_53930_NA,12_70686904_G_T_b37,MSCLSK,4.45E-09,4.63E-07,CNOT2
11:102482617:102487583:clu_91388_NA,11_102511736_G_A_b37,LIVER,5.03E-09,3.89E-06,MMP20
11:102482617:102497390:clu_91388_NA,11_102511736_G_A_b37,LIVER,5.12E-09,3.93E-06,MMP20
9:34647958:34648045:clu_64729_NA,9_34648020_G_A_b37,CLNTRN,5.25E-09,1.08E-06,GALT
4:169348060:169348221:clu_11006_NA,4_169349568_C_T_b37,LUNG,6.18E-09,6.35E-07,DDX60L
13:28015386:28019225:clu_22821_NA,13_28015387_C_G_b37,PTTARY,6.46E-09,2.30E-06,MTIF3
6:2959576:2969013:clu_77694_NA,6_2960274_G_A_b37,ADPSBQ,6.92E-09,6.85E-07,SERPINB6
4:169296675:169299505:clu_11002_NA,4_169297818_C_T_b37,THYROID,7.12E-09,5.28E-07,DDX60L
16:86581717:86582070:clu_63680_NA,16_86572555_C_T_b37,FIBRLBLS,7.47E-09,1.11E-06,MTHFSD
12:70636673:70636846:clu_53930_NA,12_70636829_G_A_b37,SKINS,7.92E-09,6.69E-07,CNOT2
11:102478183:102482332:clu_91388_NA,11_102511736_G_A_b37,LIVER,8.08E-09,5.97E-06,MMP20
9:34647958:34648045:clu_64729_NA,9_34576582_T_C_b37,HRTAA,8.54E-09,1.68E-06,GALT
2:120005782:120020633:clu_71501_NA,2_120005059_G_A_b37,SKINS,8.57E-09,7.21E-07,STEAP3
6:2959576:2969013:clu_77694_NA,6_2969045_T_C_b37,NERVET,8.82E-09,7.78E-07,SERPINB6
10:81935911:81940697:clu_58532_NA,10_81920710_G_A_b37,ADPVSC,9.14E-09,1.20E-06,ANXA11
12:70636673:70637092:clu_53930_NA,12_70634672_G_C_b37,ARTAORT,9.14E-09,1.52E-06,CNOT2
12:70636673:70637092:clu_53930_NA,12_70636829_G_A_b37,ADPVSC,9.28E-09,1.21E-06,CNOT2
12:70636673:70637092:clu_53930_NA,12_70636829_G_A_b37,SKINS,9.34E-09,7.83E-07,CNOT2
12:70636673:70636846:clu_53930_NA,12_70566347_C_T_b37,ESPMCS,9.65E-09,1.21E-06,CNOT2
15:91488293:91489914:clu_22073_NA,15_91489919_A_G_b37,LUNG,9.91E-09,9.89E-07,UNC45A
11:3724122:3725976:clu_88505_NA,11_3722372_T_C_b37,LUNG,1.18E-08,1.17E-06,NUP98
12:70636673:70637092:clu_53930_NA,12_70636829_G_A_b37,SPLEEN,1.20E-08,4.46E-06,CNOT2
7:4820943:4822947:clu_11878_NA,7_4821056_T_G_b37,SKINNS,1.55E-08,1.64E-06,AP5Z1
22:39267935:39290619:clu_37991_NA,22_39299248_G_C_b37,HRTAA,1.74E-08,3.28E-06,CBX6
16:86581174:86581641:clu_63680_NA,16_86581191_G_A_b37,CLNSGM,2.35E-08,4.67E-06,MTHFSD
7:4820943:4822947:clu_11878_NA,7_4806440_T_A_b37,ADPSBQ,2.54E-08,2.34E-06,AP5Z1
11:406993:407062:clu_88167_NA,11_406483_T_C_b37,FIBRLBLS,2.62E-08,3.59E-06,SIGIRR
22:39267935:39317220:clu_37991_NA,22_39292496_T_C_b37,BRNCTXA,2.71E-08,1.18E-05,CBX6
13:28015386:28019225:clu_22821_NA,13_28058537_T_A_b37,ESPMCS,2.74E-08,3.20E-06,MTIF3
16:86581174:86581641:clu_63680_NA,16_86581191_G_A_b37,BREAST,2.84E-08,4.84E-06,MTHFSD
20:62152247:62152865:clu_77478_NA,20_62149840_G_A_b37,LUNG,3.09E-08,2.87E-06,PPDPF
5:148786641:148800044:clu_30375_NA,5_148800089_G_A_b37,ARTACRN,3.23E-08,1.42E-05,CARMN
4:169296675:169298879:clu_11002_NA,4_169297818_C_T_b37,WHLBLD,3.59E-08,7.48E-06,DDX60L
1:38023349:38027158:clu_40826_NA,1_38023822_G_A_b37,BRNCDT,3.73E-08,1.68E-05,DNALI1
1:38023349:38027158:clu_40826_NA,1_38023822_G_A_b37,BRNNCC,3.78E-08,2.14E-05,DNALI1
12:96368150:96369751:clu_54542_NA,12_96390358_C_A_b37,ESPMCS,3.92E-08,4.47E-06,HAL
4:169344925:169348221:clu_11006_NA,4_169345005_T_C_b37,ARTAORT,3.96E-08,5.97E-06,DDX60L
1:38023349:38027158:clu_40826_NA,1_38023822_G_A_b37,BREAST,4.03E-08,6.72E-06,DNALI1
10:131866872:131877830:clu_60067_NA,10_131904286_G_A_b37,ESPMSL,4.12E-08,4.12E-06,C10orf143
12:113355505:113357292:clu_55151_NA,12_113357209_G_A_b37,SLVRYG,4.32E-08,8.89E-05,OAS1
10:131862647:131877830:clu_60067_NA,10_131878465_A_G_b37,MSCLSK,4.42E-08,3.96E-06,C10orf143
9:34647958:34648045:clu_64729_NA,9_34653109_C_T_b37,ARTTBL,4.63E-08,4.57E-06,GALT
6:2959576:2969013:clu_77694_NA,6_2969045_T_C_b37,ESPMSL,6.62E-08,6.42E-06,SERPINB6
13:28015379:28019225:clu_22821_NA,13_28015387_C_G_b37,ADPSBQ,6.68E-08,5.84E-06,MTIF3
16:86580255:86582070:clu_63680_NA,16_86572555_C_T_b37,FIBRLBLS,6.90E-08,8.88E-06,MTHFSD
15:91488293:91489914:clu_22073_NA,15_91489919_A_G_b37,ADPSBQ,7.04E-08,6.13E-06,UNC45A
1:222997287:223008461:clu_46515_NA,1_223000116_A_G_b37,FIBRLBLS,8.85E-08,1.12E-05,DISP1
4:169296675:169298879:clu_11002_NA,4_169297818_C_T_b37,ADPVSC,9.67E-08,1.09E-05,DDX60L
4:169344925:169347922:clu_11006_NA,4_169349568_C_T_b37,SKINS,1.01E-07,7.46E-06,DDX60L
4:169344925:169347922:clu_11006_NA,4_169345005_T_C_b37,VAGINA,1.15E-07,9.50E-05,DDX60L
12:70636673:70637092:clu_53930_NA,12_70636829_G_A_b37,WHLBLD,1.27E-07,2.44E-05,CNOT2
6:2959576:2969013:clu_77694_NA,6_2960274_G_A_b37,TESTIS,1.49E-07,9.90E-06,SERPINB6
16:89365938:89366371:clu_63947_NA,16_89378942_C_T_b37,ADRNLG,1.81E-07,4.52E-05,ANKRD11
22:39267935:39299355:clu_37991_NA,22_39291048_A_G_b37,FIBRLBLS,1.83E-07,2.19E-05,CBX6
12:70636673:70636846:clu_53930_NA,12_70636829_G_A_b37,WHLBLD,2.06E-07,3.80E-05,CNOT2
16:86575819:86580165:clu_63680_NA,16_86579796_T_G_b37,FIBRLBLS,2.15E-07,2.54E-05,MTHFSD
1:38023349:38027158:clu_40826_NA,1_38046446_T_C_b37,ARTACRN,2.22E-07,8.20E-05,DNALI1
13:28015386:28019225:clu_22821_NA,13_28015387_C_G_b37,ARTACRN,2.22E-07,8.20E-05,MTIF3
12:70636673:70636846:clu_53930_NA,12_70636829_G_A_b37,SPLEEN,2.23E-07,6.41E-05,CNOT2
6:53520103:53530399:clu_79807_NA,6_53530047_C_A_b37,HRTAA,3.22E-07,4.90E-05,KLHL31
7:562340:564491:clu_11624_NA,7_562409_G_A_b37,ARTAORT,3.34E-07,4.33E-05,HRAT92
12:70636984:70637092:clu_53930_NA,12_70636829_G_A_b37,THYROID,4.06E-07,2.34E-05,CNOT2
11:428199:428387:clu_88170_NA,11_424291_A_G_b37,SNTTRM,4.12E-07,0.000179891,ANO9
4:169344925:169348221:clu_11006_NA,4_169345005_T_C_b37,ESPMCS,4.26E-07,4.10E-05,DDX60L
4:169296675:169299505:clu_11002_NA,4_169297818_C_T_b37,BREAST,4.36E-07,6.21E-05,DDX60L
9:96210771:96211969:clu_65921_NA,9_96324152_G_A_b37,ARTTBL,4.37E-07,3.63E-05,FAM120AOS
12:70636673:70637092:clu_53930_NA,12_70745094_C_T_b37,BRNCHB,4.68E-07,0.000158823,CNOT2
4:169344925:169348221:clu_11006_NA,4_169345005_T_C_b37,CLNSGM,4.92E-07,7.42E-05,DDX60L
19:56200360:56201233:clu_51241_NA,19_56220485_C_G_b37,ARTTBL,5.41E-07,4.43E-05,EPN1
4:169344925:169348221:clu_11006_NA,4_169357339_G_A_b37,VAGINA,5.49E-07,0.000368445,DDX60L
5:148786641:148801044:clu_30375_NA,5_148800089_G_A_b37,LUNG,5.62E-07,4.27E-05,CARMN
1:38023349:38027158:clu_40826_NA,1_38023822_G_A_b37,LIVER,5.67E-07,0.0002613,DNALI1
20:54934247:54940143:clu_77043_NA,20_54873812_A_C_b37,ADPSBQ,5.93E-07,4.54E-05,FAM210B
12:96368150:96370376:clu_54542_NA,12_96385439_G_A_b37,ESPMCS,6.20E-07,5.80E-05,HAL
16:86581174:86581641:clu_63680_NA,16_86581191_G_A_b37,PRSTTE,6.53E-07,0.000235314,MTHFSD
9:34647958:34648045:clu_64729_NA,9_34648020_G_A_b37,HRTLV,6.87E-07,0.000132709,GALT
2:120443330:120446486:clu_71526_NA,2_120443789_G_T_b37,STMACH,6.87E-07,0.000115484,TMEM177
16:86581717:86582070:clu_63680_NA,16_86550593_G_A_b37,WHLBLD,7.28E-07,0.00012094,MTHFSD
11:428199:428387:clu_88170_NA,11_424291_A_G_b37,VAGINA,7.67E-07,0.000485824,ANO9
20:62071061:62076012:clu_77455_NA,20_62070966_G_A_b37,HRTLV,7.77E-07,0.000148297,KCNQ2
16:86581174:86581641:clu_63680_NA,16_86581191_G_A_b37,ESPGEJ,8.30E-07,0.000117714,MTHFSD
4:169344925:169347922:clu_11006_NA,4_169345005_T_C_b37,SPLEEN,9.02E-07,0.000224271,DDX60L
4:56475346:56496569:clu_8615_NA,4_56526473_A_G_b37,THYROID,9.23E-07,5.03E-05,NMU
4:169344925:169348221:clu_11006_NA,4_169357339_G_A_b37,HRTAA,9.32E-07,0.000130754,DDX60L
2:242484989:242486280:clu_75026_NA,2_241937390_C_A_b37,SKINS,9.82E-07,6.31E-05,BOK-AS1
1:222997287:223008461:clu_46515_NA,1_223011601_G_C_b37,TESTIS,1.04E-06,6.03E-05,DISP1
15:84705739:84706515:clu_21778_NA,15_84706461_C_T_b37,ARTAORT,1.04E-06,0.000125178,ADAMTSL3
11:102478183:102497390:clu_91388_NA,11_102511736_G_A_b37,LIVER,1.22E-06,0.000521205,MMP20
6:2959576:2969013:clu_77694_NA,6_2969045_T_C_b37,ARTAORT,1.29E-06,0.000152772,SERPINB6
9:34647958:34648045:clu_64729_NA,9_34648020_G_A_b37,PRSTTE,1.31E-06,0.000436925,GALT
13:28015386:28019225:clu_22821_NA,13_28015387_C_G_b37,STMACH,1.41E-06,0.000221079,MTIF3
1:222997287:223008461:clu_46515_NA,1_222997541_G_C_b37,ADPSBQ,1.60E-06,0.00011399,DISP1
4:169296675:169299505:clu_11002_NA,4_169297818_C_T_b37,ADRNLG,1.67E-06,0.000342397,DDX60L
4:169344925:169347922:clu_11006_NA,4_169345005_T_C_b37,ESPMSL,1.77E-06,0.000135836,DDX60L
20:62078190:62090349:clu_77455_NA,20_62056466_T_C_b37,HRTLV,2.07E-06,0.000360421,KCNQ2
4:169344925:169348221:clu_11006_NA,4_169345005_T_C_b37,SNTTRM,2.09E-06,0.000749788,DDX60L
11:102478183:102478441:clu_91388_NA,11_102511736_G_A_b37,LIVER,2.16E-06,0.000851953,MMP20
13:28015379:28019225:clu_22821_NA,13_28015387_C_G_b37,NERVET,2.46E-06,0.000150476,MTIF3
20:3781145:3781618:clu_75296_NA,20_3780449_G_A_b37,BRNCHB,2.49E-06,0.000712294,CDC25B
12:121670479:121670800:clu_55489_NA,12_121605826_A_G_b37,ADPSBQ,3.02E-06,0.000204263,P2RX4
16:86566087:86575303:clu_63679_NA,16_86570487_C_T_b37,TESTIS,3.33E-06,0.000176808,MTHFSD
9:34647958:34648045:clu_64729_NA,9_34665274_T_C_b37,LIVER,3.49E-06,0.001290138,GALT
20:54934247:54940143:clu_77043_NA,20_54935283_A_G_b37,NERVET,3.86E-06,0.000227734,FAM210B
12:113745649:113747920:clu_55174_NA,12_113706909_C_T_b37,LUNG,3.93E-06,0.000256639,SLC8B1
10:131862647:131877830:clu_60067_NA,10_131904286_G_A_b37,ARTTBL,4.06E-06,0.000284405,C10orf143
13:21951513:21951598:clu_22619_NA,13_21987707_T_C_b37,WHLBLD,4.17E-06,0.000578408,ZDHHC20
13:21951513:21951598:clu_22619_NA,13_21987707_T_C_b37,WHLBLD,4.17E-06,0.000578408,MIPEPP3
20:61867797:61869255:clu_77400_NA,20_61876874_C_T_b37,LUNG,4.18E-06,0.000271895,BIRC7
16:86581174:86581641:clu_63680_NA,16_86581191_G_A_b37,HRTLV,4.46E-06,0.000717401,MTHFSD
13:21951513:21951598:clu_22619_NA,13_21987707_T_C_b37,THYROID,4.61E-06,0.000223506,ZDHHC20
13:21951513:21951598:clu_22619_NA,13_21987707_T_C_b37,THYROID,4.61E-06,0.000223506,MIPEPP3
10:131862647:131877830:clu_60067_NA,10_131862853_A_G_b37,ESPMCS,5.12E-06,0.00040052,C10orf143
17:76232594:76232936:clu_6569_NA,17_76234281_G_A_b37,BRNSNG,5.20E-06,0.008106666,TMEM235
1:38023349:38027158:clu_40826_NA,1_38023822_G_A_b37,BRNHPT,5.34E-06,0.002684942,DNALI1
2:239090827:239092661:clu_74773_NA,2_239077851_T_C_b37,SKINS,5.40E-06,0.000306709,ILKAP
7:43649094:43679048:clu_12893_NA,7_43630776_A_G_b37,THYROID,5.40E-06,0.000258644,STK17A
7:43649094:43679048:clu_12893_NA,7_43630776_A_G_b37,THYROID,5.40E-06,0.000258644,COA1
16:86581717:86582070:clu_63680_NA,16_86589166_T_C_b37,ESPMCS,5.57E-06,0.00043225,MTHFSD
12:70636673:70636846:clu_53930_NA,12_70634672_G_C_b37,ARTAORT,5.69E-06,0.000597506,CNOT2
4:8368807:8376705:clu_7630_NA,4_8371007_T_C_b37,SKINNS,6.46E-06,0.000438285,ACOX3
10:131866872:131877830:clu_60067_NA,10_131862254_G_A_b37,CLNSGM,6.49E-06,0.000753876,C10orf143
16:57474895:57481254:clu_62708_NA,16_57533550_A_G_b37,FIBRLBLS,6.77E-06,0.000607673,CIAPIN1
7:44005994:44012229:clu_12896_NA,7_43927680_G_A_b37,NERVET,6.78E-06,0.000383068,POLR2J4
